model_a,model_b,dm_stat,p_value
Naive RV,HAR-RV,-0.6342460596929935,0.5259202526247357
Naive RV,"GARCH(1,1)",1.1892396552855953,0.23434537390310073
Naive RV,"EGARCH(1,1)",1.8032095968649813,0.07135530386673494
HAR-RV,"GARCH(1,1)",3.7186550519236827,0.0002002863378525177
HAR-RV,"EGARCH(1,1)",1.5893046373136464,0.11199163230622888
"GARCH(1,1)","EGARCH(1,1)",-0.2770736853645649,0.7817235271312706
