model_a,model_b,dm_stat,p_value
Naive RV,HAR-RV,0.8525361488268534,0.39391658438828814
Naive RV,"GARCH(1,1)",2.3397218815154854,0.01929810469800408
Naive RV,"EGARCH(1,1)",2.134513657678639,0.032800756871088854
HAR-RV,"GARCH(1,1)",1.8987819904559418,0.057593146066350354
HAR-RV,"EGARCH(1,1)",0.37397866416748565,0.7084201898642917
"GARCH(1,1)","EGARCH(1,1)",-1.4769670205565815,0.13968447786115656
